Day ID,Track,Session ID,Position ID,Speaker Name,Paper Name
0,Test Track 1,0,0,Test Human,Test Paper 9
0,Test Track 1,0,1,Test Human,Test Paper 1
0,Test Track 1,1,0,Test Human,Test Paper 13
0,Test Track 1,1,1,Test Human,Test Paper 5
0,Test Track 2,0,0,Test Human,Test Paper 10
0,Test Track 2,0,1,Test Human,Test Paper 2
0,Test Track 2,1,0,Test Human,Test Paper 14
0,Test Track 2,1,1,Test Human,Test Paper 6
0,Test Track 3,0,0,Test Human,Test Paper 11
0,Test Track 3,0,1,Test Human,Test Paper 3
0,Test Track 3,1,0,Test Human,Test Paper 15
0,Test Track 3,1,1,Test Human,Test Paper 7
0,Test Track 4,0,0,Test Human,Test Paper 12
0,Test Track 4,0,1,Test Human,Test Paper 4
0,Test Track 4,1,0,Test Human,Test Paper 16
0,Test Track 4,1,1,Test Human,Test Paper 8
